"","gen","BRCA","COADREAD","GBM","GBMLGG","HNSC","KIPAN","KIRC","LGG","LUAD","LUSC","OV","STES","THCA","UCEC","n_significance"
"1","PCDH11X",0.899014,1e-06,0.019039,1e-06,0.354059,0.497567,0.005839,0,0,0.829215,0,0.230341,0.790682,0.039547,8
"2","YLPM1",0.139201,0.004303,0.002283,3.3e-05,0.030284,0.773696,0.426601,NA,0,0.023872,0,0.306816,0.909784,0.047132,8
"3","ALS2CR11",0.376972,0.790304,0,0,0.95521,0,0,NA,0,0.796545,0,0.693214,NA,0.04973,7
"4","ARHGAP20",0.016252,0,0.004107,8.3e-05,0.777195,0.571352,0.33063,NA,0,0.575988,0,0.778925,NA,0.042297,7
"5","CACNA1F",0.15794,0.434014,0,0.00691,0.006325,0.790399,0.976655,0.011144,0,0.5025,0,0.38472,NA,0.039123,7
"6","DEPDC5",0.383867,0.012752,0.971108,0.170541,0.025629,0.270925,0.334703,0,0,0.02689,0,0.40949,1,0.043131,7
"7","MAP7D2",0.457158,0.006133,1,0.033389,0.208035,0.51915,0.471839,0,0,0.724599,0,0,0.52378,0.048803,7
"8","NBEAL1",8e-06,0.004853,0.031922,0.036029,0.529242,0.044576,0.095441,0.82297,0.335044,0.336842,0,0.268903,NA,0.029816,7
"9","ADAM7",0.349767,0.046533,0.327718,0.004134,0.660566,0.82214,NA,0,0,0.847473,0,0.725426,NA,0.038519,6
"10","ALG13",0.643296,0.915931,0.579216,0.713631,0.01142,4.1e-05,0.000582,0.748778,0,0.478849,0,0.889146,0.824343,0.043503,6
"11","ATRNL1",0.002895,0,0.418665,0.044561,0.92723,0.822716,0.78424,NA,0.666458,0.030279,0.040233,0.005272,NA,0.162026,6
"12","CDK5RAP2",0.708918,1.8e-05,0.761886,0.761088,0.255883,0.013441,0.036317,0.808868,0,0.552222,0,0.266205,NA,0.038344,6
"13","CLASP1",0.53144,0,0.251241,0.007987,0.063154,0.412257,0.727463,1e-06,0,0.675928,0,0.392888,0.907185,0.037597,6
"14","COL6A6",0.534302,3.4e-05,0.08107,0.002943,0.876101,0.009857,0.042464,NA,0.659362,0.681866,0,0.352215,0.797916,0.029771,6
"15","DIAPH2",0.163441,0.189185,0.886788,0.968262,0.009324,0.005679,0.024955,0.508821,0.488557,0.92285,0,0.046059,NA,0.027322,6
"16","DNHD1",0.278972,0.389492,0.051838,0.000383,0.950644,0.295637,0.006106,0,0.872417,0.888227,0,0.092357,0.000288,0.02574,6
"17","DOCK11",0.529896,0.08062,0.681781,0.817252,0.944497,0.00538,0.01171,0.771275,0,0.019192,0,0.616702,0.907185,0.040582,6
"18","EGFR",0.463582,0.000233,0.595591,0,0.132085,0.008238,0.033005,0,0.003966,0.966616,0.430919,0.985782,NA,0.154259,6
"19","HYDIN",0.583834,0,0.00984,1.8e-05,0.448649,0.716381,0.803158,NA,0.599108,0.027244,0.933482,0.394503,0.001494,0.000857,6
"20","MXRA5",0.139329,0.181411,0.275279,0.023646,0.900232,0.442649,0.552723,0.042503,0,0.014052,0,0.357774,1,0.04086,6
"21","NID1",0.012629,0.041368,0.007345,0.101505,0.396835,0.002276,0.182226,0.87435,0.142054,0.500659,0,0.145311,NA,0.027059,6
"22","NOS1",0.52411,0.603424,0.390755,0.079809,0.309698,0.001957,0.012147,0.00448,0,0.787862,0,0.734145,1,0.047513,6
"23","ODZ3",0.315327,1e-06,0.237299,0.005855,0.697768,0.000707,0.005735,NA,0.868651,0.527921,0.001392,0.17251,NA,0.002667,6
"24","PIK3CG",0.516494,0.57242,0.701158,0.068082,0.194252,0.001525,0.004347,0.771713,0,0.047943,0,0.170394,0.74671,0.04571,6
"25","PKD1L2",0.496265,0.001694,0.848739,0.160801,0.308165,0.000322,0.014002,0.000537,0.140524,0.674698,0.028912,0.09015,0.897791,0.018316,6
"26","RELN",0.688707,0.002353,0.165696,0.015478,0.573331,4.6e-05,0.001027,0.601838,0.488777,0.000231,0.614769,0.428523,0.936243,0.004048,6
"27","SCN9A",0.247325,0,0.046448,9.6e-05,0.690903,0.947724,0.805175,NA,0.037644,0.373261,0,0.716631,0.936243,0.032014,6
"28","SLITRK4",0.035006,0.00183,0.397182,0.752987,0.209342,0.448076,0.424532,0.50909,0,0.772892,0,0.013208,NA,0.04175,6
"29","STXBP5L",0.72187,0.015347,0.092809,0.002044,0.264597,0.380369,0.281769,0.000852,0.784659,0.024546,0,0.833986,0.870798,0.027022,6
"30","TRPS1",0.561512,0.239957,0.007349,4.4e-05,0.468582,0.923021,NA,NA,0,0.835689,0,0.522121,0,0.048364,6
"31","ABCA1",0.597344,0,0.560374,0.841556,0.032069,0.72851,0.860619,0.76041,0,0.695674,0,0.252439,1,0.042025,5
"32","ABCA5",0.63631,0,0.605087,0.126429,2e-06,0.920993,0.319392,NA,0,0.88302,0,0.421282,0.762245,0.04499,5
"33","ADCY9",0.873912,0.677258,0.199281,0.049466,0.027436,0.468915,0.169282,0.782943,0,0.182729,0,0.92814,0.879568,0.048783,5
"34","AHNAK2",0.537102,0.000243,0.873199,0.009857,0.17,0.462734,0.821279,3e-06,0.011874,0.225775,0.295721,0.10592,0.872277,0.011799,5
"35","ANO2",0.488897,0.01165,1.1e-05,0.145742,0.308808,0.42628,0.567986,0.403644,0,0.241535,0,0.354697,1,0.041439,5
"36","ANO4",0.227166,0.505936,0.279888,0.964597,0.465107,0.019853,0.048365,0.225079,0.895844,0.046861,0,0.135329,0.957126,0.029191,5
"37","CACNA1G",0.786885,0.007612,0.678992,0.752364,0.000164,0.565715,0.715693,0.173227,0,0.180976,0,0.207149,0.48799,0.038452,5
"38","CARD6",0.29903,0.660487,0.001782,0.000171,0.265293,0.106719,0.123781,0.76041,0,0.794349,0,0.530988,1,0.049805,5
"39","CIT",0.435697,0.601483,0.643782,0.847719,0.00365,0.423828,0.38314,0.605565,0.880175,0.040125,0.099442,0.006138,0,0.017892,5
"40","DMXL1",0.363354,0.189928,0.362249,0.064234,0.114375,0.863387,0.551709,0.000257,0,0.370464,0,0.789361,0,0.047403,5
"41","DNAH2",0.267297,0.000478,0.202998,0.011505,0.34041,0.021424,0.163133,0.732843,0.581773,0.656085,0.253038,0.015207,0.481445,0.00034,5
"42","ENPP2",0.016598,0.155047,0.906455,0.806072,0.009898,0.530896,0.398613,0.770237,0,0.111939,0,0.818693,0.92315,0.048232,5
"43","ERBB4",0.318339,0.000823,NA,0.329406,0.493993,0.724079,0.851092,0.646242,0,0.05971,0,0.854887,7e-06,0.038778,5
"44","F8",0.139521,0,0.701981,0.152615,0.638589,0.017888,0.00338,0.04438,0.550096,0.093267,0.669804,0.500609,0.57457,0.021637,5
"45","FANCM",0.57145,0.000125,0.966085,0.438029,0.759787,0.515907,0.582052,0.732998,0.954726,0.027653,0,0.400317,0.024914,0.029609,5
"46","FAT3",0.000876,0,0.019487,0.007353,0.342887,0.621152,0.190635,0.55197,0.201263,0.006834,0.152128,0.456498,0.900087,0.132296,5
"47","FAT4",0.839541,1e-06,0.002164,0.003832,0.31491,0.805489,0.994758,0.039364,0.410332,0.44493,0.163148,0.215115,NA,0.000383,5
"48","FLNB",0.465881,0.000469,0.843435,0.639275,0.886883,0.280348,0.003723,0.371512,0,0.564529,0,0.345662,NA,0.048915,5
"49","GPR112",0.445528,1e-06,0.694477,0.022407,0.009493,0.665765,0.849341,0,0.178075,0.607569,0.546767,0.335058,0.909929,0.000139,5
"50","GPR98",0.808289,1e-06,0.150093,0.01241,0.477505,0.608852,0.958236,0.105602,0.029388,0.171214,0.931417,0.702481,0.047926,0.009043,5
"51","IGSF10",0.263289,0,0.00259,0.993878,0.26146,0.774724,0.857,0.668798,0,0.451909,0,0.441209,1,0.041409,5
"52","LRP1",0.948592,0.608347,0.564085,0.532932,0.834045,0.891821,0.457382,0.512905,0,0.000546,0,0.422969,0,0.043165,5
"53","LYST",0.03918,0.025361,0.909731,0.024708,0.649648,0.267043,0.37394,0,0.136096,0.357957,0.589395,0.061402,1,0.007978,5
"54","MCF2L2",0.476475,0.006003,1.1e-05,0,0.219699,0.923411,0.181077,NA,0.551211,0.832743,0,0.088286,0.92315,0.034302,5
"55","MED13",0.84102,0.770562,2e-06,0,0.365151,0.936151,0.908035,0,0.104559,0.162157,0,0.686061,0.939396,0.029889,5
"56","MON2",0.786471,0.769157,0.003683,0.677478,0.280313,0.620762,0.129732,0.50388,0,0.016995,0,0.261861,1,0.042021,5
"57","MSH6",0.632064,2e-06,0.25298,0.027705,0.328186,0.368755,0.226227,NA,0,0.476732,0,0.251014,NA,0.038308,5
"58","MYH7",0.871741,0.000164,0.003272,1.8e-05,0.996215,0.248311,0.854154,NA,0.545006,0.232913,0.7707,0.983424,3e-06,0.017296,5
"59","MYO15A",0.69446,0.803253,0.220344,0.038217,0.000525,0.208995,0.407774,0.124499,0,0.623079,0,0.341182,0.776105,0.03941,5
"60","ODZ2",0.20336,0,0.409736,0.029449,0.518498,0.053662,0.17384,NA,0.041577,0.000769,0.799487,0.061857,0.322725,0.026632,5
"61","ODZ4",0.023823,0.000552,0.500425,0.041208,0.593117,0.01836,0.058795,NA,0.720688,0.557776,0.412932,0.202067,1,0.009388,5
"62","PAPPA",0.431235,0.844526,0.672354,0.80261,0.656293,0.004441,8e-06,0.691006,0,0.527289,0,0.056376,NA,0.045414,5
"63","PCDHB5",0.577652,1.4e-05,0.432769,0.032002,0.754393,0.007278,0.555086,0.817252,0.12456,0.274268,0,0.506034,0.86226,0.035471,5
"64","PKHD1",0.076409,6e-06,0.514733,0.003575,0.269112,0.539124,0.184398,3e-06,0.446355,0.01808,0.066967,0.909865,0.508413,0.010005,5
"65","PKHD1L1",0.59449,0.008661,0.748027,0.556095,0.514424,0.034068,0.027095,0.942532,0.859405,0.113546,0.286455,0.421316,0.01027,0.005886,5
"66","PLCG2",0.317502,0,0.005103,0.023481,0.528946,0.163222,0.195064,0.359483,0.743337,0.481238,0,0.101684,NA,0.024993,5
"67","SCAPER",0.507959,0,0.668488,0.82918,0.415918,0.134825,0.029645,NA,0,0.58195,0,0.970456,NA,0.037362,5
"68","SLC9A10",NA,0.618653,0.000217,0,0.750155,0.953176,0.950398,NA,0,0.411364,0,0.486788,NA,0.037687,5
"69","STAG2",0.297196,0.128639,0.002007,0.006661,0.534965,0.990273,0.918846,0.471569,0,0.790873,0,0.888499,0.857103,0.047999,5
"70","SULF1",0.00207,0.152406,0.820873,0.155246,0.461419,0.121388,0.230855,NA,0,0.031915,0,0.538881,NA,0.04998,5
"71","TNRC6A",0.858883,0.000145,0.651056,0.045197,0.579457,0.63895,0.86025,0.594571,0,0.542121,0,0.723475,NA,0.038216,5
"72","TP53",0.042587,0.07978,0.841929,1e-06,2.4e-05,0.751907,0.002653,0.645525,0.028442,0.7568,0.780165,0.657189,0.605063,0.565362,5
"73","TRANK1",0.27614,0,6e-06,0.043989,0.019205,0.456934,0.722381,0.771001,0.401597,0.360654,0.825464,0.026896,0.795761,0.075521,5
"74","TRIP12",0.952575,0.002063,0.893248,0.527878,0.684531,0.784949,0.266112,0.457781,0,0.010143,0,0.670514,0.936243,0.048898,5
"75","ZNF709",1,4e-06,0.892358,0.68924,0.844126,0.434076,0.315414,NA,0,0.577159,0,0.277065,0.026869,0.041302,5
"76","A2M",0.83499,0,0.456098,0.937051,0.54058,0.903236,0.303089,0.799289,0,0.901002,0,0.438185,1,0.038206,4
"77","ABCA8",0.475097,1.9e-05,0.298786,0.075867,0.715687,0.408862,0.680009,0.376712,0.938362,0.047249,0.044284,0.106286,NA,0.021777,4
"78","ABCC8",0.435909,0.572343,0.759817,0.815618,0.867914,0.399505,0.591669,NA,0.756759,0.041562,0,0.035144,0,0.125531,4
"79","ADAM6",0.951678,0.049757,0.763266,0.199767,NA,0.030718,0.00742,NA,0.014788,0.252829,NA,0.104965,NA,NA,4
"80","ADAMTS3",0.394932,0.587294,0.282048,0.883563,0.099744,0.824349,0.605646,1e-05,0.615916,0.608168,0,0.01492,0.907185,0.026686,4
"81","APC",0.710273,1.4e-05,0.929592,0.267869,0.326264,0.003174,0.142973,0.002112,0.120037,0.199964,0.527184,0.562956,0.67227,0.002842,4
"82","ARFGEF1",0.10917,0,0.342011,0.060087,0.364241,0.695131,0.797475,NA,0,0.834042,0,0.300715,NA,0.043001,4
"83","ARFGEF2",0.562435,0.014289,0.276899,0.323621,0.805576,0.00041,3e-06,0.813553,0.303183,0.174787,0.356833,0.333274,0.677884,0.018227,4
"84","ARHGAP31",0.26137,0,NA,0.43553,0.43279,0.412485,0.271971,0.737133,0,0.177727,0,0.413066,NA,0.039236,4
"85","ASXL3",0.673932,0.015019,0.327524,0.217717,0.551714,0.047814,0.034795,0.621005,0.395389,0.345704,0.44669,0.185358,NA,0.010555,4
"86","ATM",0.313494,0.000375,0.834994,0.309786,0.502815,0.614141,0.500041,NA,0.677371,0.128124,0.011209,0.018206,0.760029,0.001757,4
"87","ATP8A2",0.680275,0.044211,0.966675,0.220787,0.850508,0.888454,0.913254,0.004488,0.044047,0.437873,0.664591,0.070949,NA,0.017048,4
"88","ATRX",0.119595,0.514222,0.027937,0,0.005286,0.735183,0.439193,0.327042,0.62932,0.170796,0.20106,0.675479,0.817488,0.004319,4
"89","BIRC6",0.470551,2e-05,0.000995,2e-06,0.070099,0.905227,0.587393,NA,0.087468,0.91196,0.0945,0.397281,0.936243,0.00046,4
"90","BRDT",0.068503,0.01547,0.673116,0.650522,0.915628,0.395122,0.338112,NA,0,0.316728,0,0.639738,0.936243,0.04185,4
"91","BSN",0.466092,0.062197,0.037524,0.104401,0.096038,0.39976,0.296722,0.62027,0,0.068758,0,0.753712,0.642127,0.045846,4
"92","C15orf2",NA,0.04829,0.023415,0.000135,0.031178,NA,NA,NA,0.415719,0.100874,0.477495,0.143247,0.936243,0.138377,4
"93","CACNA1E",0.177865,0,0.118756,0.721906,0.265681,0.091439,0.020551,0.000193,0.628556,0.070695,0.837659,0.856739,0.52378,0.013113,4
"94","CCDC73",0.483996,0.01165,NA,NA,0.801791,0.228017,0.499414,NA,0,0.589388,0,0.752796,NA,0.040155,4
"95","CDH8",0.001482,0.100921,0.593535,0.744936,0.249825,0.006607,0.032747,0.83324,0.384316,0.755091,0.624403,0.643081,0.130758,0.016365,4
"96","CELSR2",0.657479,0.006356,0.282991,0.349371,0.644092,0.274108,0.396679,0.757824,0,0.161801,0,0.423732,NA,0.037583,4
"97","CENPE",0.399489,0.096952,0.373351,0.036973,0.001674,0.42471,0.446207,NA,0.355169,0.306651,0,0.896279,NA,0.032589,4
"98","CENPF",0.819523,4e-06,0.884118,0.56594,1e-04,0.948403,0.823757,0.843016,0.938215,0.04252,0.964823,0.82638,0.880708,0.002423,4
"99","CEP170",0.166864,0.180985,0.094606,0.013343,0.279541,0.850502,0.853857,NA,0,0.24544,0,0.414516,NA,0.046713,4
"100","COL19A1",0.441941,0.794414,0.919848,0.415513,0.111748,0.543192,0.125038,0.067758,0,0.011033,0,0.132678,0.770519,0.038297,4
"101","COL6A5",0.789306,0.006761,NA,NA,NA,0.362642,0.673048,NA,0,NA,0,0.679934,NA,0.044606,4
"102","CSMD1",0.279836,0,0.721589,0.140667,0.257433,0.599074,0.9033,NA,0.561947,0.029286,0.307182,0.939121,0.000142,0.000842,4
"103","CYLC1",0.656538,0.395637,0.017955,0.075803,0.298626,0.76301,0.606589,0.782434,0,0.278319,0,0.233024,NA,0.049524,4
"104","DCHS2",0.858587,0.0019,0.072756,0.020422,0.566844,0.038955,0.551338,0.662387,0.572835,0.060706,0.839289,0.374028,NA,0.001455,4
"105","DMD",0.056024,0.017752,0.077923,0.017498,0.025971,0.596184,0.288302,0.084708,0.299407,0.131601,0.892747,0.28027,0.957126,0.041475,4
"106","DNAH5",0.16709,0.000755,0.165129,0.048376,0.067569,0.816527,0.228365,0.929927,0.117065,0.348092,0.022223,0.423421,0.889448,0.002442,4
"107","DNAH8",0.749033,0.001647,0.029864,0.066149,0.485786,0.422612,0.764732,0.049444,0.787553,0.55719,0.275963,0.179637,0.838026,0.000696,4
"108","DOPEY1",0.415964,0,0.57895,0.861048,0.989189,0.588283,0.44081,0.82297,5.5e-05,0.876963,0,0.84143,NA,0.023932,4
"109","DSEL",0.800225,0.026059,0.366788,0.134427,0.362334,0.306743,0.542849,NA,0.928782,0.000124,0.340513,0.001386,NA,0.016835,4
"110","DUSP27",0.297863,0.763317,0.559255,0.369207,0.728121,0.068058,0.280018,0.539562,0,0.01287,0,0.095199,0.936243,0.046287,4
"111","DYNC2H1",0.159901,0.006468,0.768857,0.631601,0.364135,0.310464,0.617724,0.021508,0.549983,0.596386,0.482818,0.745208,0.000102,0.002305,4
"112","EPHA5",4e-06,0.442093,0.031716,0.025128,0.624705,0.279988,0.507754,0.085871,0.192173,0.233941,0.46143,0.543678,NA,0.021244,4
"113","FAM135A",0.732916,0.799667,NA,NA,0.07293,0.000901,0.00235,NA,0.740101,0.706977,0,0.835669,NA,0.032301,4
"114","FLG",0.715302,0,0.577815,0.00016,0.037448,0.273874,0.736628,3e-06,0.187355,0.435743,0.541139,0.078183,0.936243,0.149187,4
"115","FNDC1",0.686646,0.001977,0.264555,0.001222,0.678642,0.204917,0.309749,0,0.904597,0.222108,0.428497,0.896928,NA,0.016496,4
"116","FREM1",0.545126,0.073005,0.001759,2.1e-05,0.942325,0.538273,0.649343,0.915706,0.17752,0.529456,0,0.805412,0.936243,0.03026,4
"117","FSIP2",0.015771,9e-06,NA,0.717481,NA,0.521908,0.915381,0.906321,NA,NA,0,0.694621,1,0.024798,4
"118","GPR179",0.79469,0.068267,0,0,0.117135,0.944479,0.331668,NA,0.952213,0.256484,0,0.68782,0.629158,0.034826,4
"119","GPRASP1",0.000311,0.772148,NA,0.759948,0.628981,0.042487,0.96534,0.915706,0.805962,0.10567,0,0.62333,1,0.03593,4
"120","HECW2",0.099278,8.1e-05,0.294123,0.294374,0.796697,0.401395,0.502225,0.76041,0.016319,0.207735,0,0.675061,NA,0.026121,4
"121","HEPH",0.438664,0.002033,0.347918,0.182188,0.292276,0.346308,0.41205,0.616656,0.157974,0.02475,0,0.451536,NA,0.029458,4
"122","HMCN1",0.04163,0.122282,0.087489,0.020986,0.804349,0.099416,0.202331,0.603406,0.493152,0.582483,0.038687,0.155198,0.887443,0.001164,4
"123","HRNR",0.13387,0.000131,0.790652,0.555416,0.586046,0.121441,0.410673,0.689864,0,0.079936,0,0.393289,0.909784,0.043539,4
"124","IGF2R",0.489312,0.33316,0.424056,0.537139,0.03983,0.466466,0.32139,0.858687,0.630875,0.886599,0,0.942646,0.004907,0.033952,4
"125","ITPR2",0.000958,0.000511,0.600844,0.294043,0.489799,0.688012,0.669021,0.695786,0.479626,0.026971,0.589113,0.325465,0.07549,0.01302,4
"126","KCNT2",0.540554,0.198657,0.854679,0.436565,0.195879,0.529473,0.530083,0.001953,0,0.847749,0,0.683665,0.936243,0.040918,4
"127","KIAA2026",0.921948,0,0.028188,0.001157,0.082101,0.41217,0.977431,NA,0.745487,0.397181,0.397357,0.33381,NA,0.017464,4
"128","KIF16B",0.629893,0.203435,0.356626,0.132253,0.006126,0.174958,0.193854,0.755322,0.198515,0.004765,0,0.788502,NA,0.033667,4
"129","LAMA1",0.600542,0.499079,0.010674,1.2e-05,0.336021,0.9593,0.807724,0.029058,0.441605,0.3786,0.8142,0.893218,NA,0.015255,4
"130","LAMA2",0.037847,0.082428,0.007382,0.416128,0.527497,0.760955,0.860046,0.976572,0.008672,0.906351,0.419909,0.0564,0.806973,0.022058,4
"131","LOXHD1",0.178673,NA,NA,NA,NA,0.000609,0.011008,NA,NA,NA,0,0.488646,NA,0.028601,4
"132","LRP6",0.576001,0.017303,0.393732,0.844124,0.555293,0.103231,0.286225,0.649703,0,0.488396,0,0.566288,NA,0.038971,4
"133","LRRIQ1",0.159665,0,0.23797,0.116265,0.001725,0.447209,0.709263,0.725086,0.614483,0.857164,0,0.099386,NA,0.030475,4
"134","LRRK1",0.513882,0.719242,0.32085,0.967497,0.811025,0.529493,0.442271,0.592865,0,0.01934,0,0.086887,NA,0.03754,4
"135","LRRK2",0.012149,0.043884,0.651354,0.654077,0.202279,0.320881,0.806993,NA,0.422083,0.570818,0.022819,0.979086,0.936243,0.002839,4
"136","MAGEC1",0.562207,0.036161,0.674848,0.983928,0.340548,0.597359,0.627266,0.504537,0,0.652755,0,0.906148,1,0.038532,4
"137","MCF2",0.29753,0.034421,0.683255,0.606157,0.485087,0.787781,0.47864,0.54869,0,0.667134,0,0.162233,0.817488,0.047058,4
"138","MED12",0.831754,0.711613,0.409678,0.036522,0.184223,0.003795,0.104818,0.000159,0.178367,0.379362,0.291175,0.792472,NA,0.018492,4
"139","MGAM",0.25439,0.006259,0.321162,0.007035,0.30952,0.641152,0.995812,0.015461,0.525399,0.962524,0.253307,0.109639,0.957126,0.008827,4
"140","MPDZ",0.359904,0.226876,0.071713,0.015981,0.1084,0.270313,0.283346,2.2e-05,0.569755,0.449995,0,0.684007,0.593347,0.034351,4
"141","MTOR",0.358382,0.000169,0.001759,0.171507,0.259758,0.023686,0.15717,0.4729,0.661362,0.756868,0.966657,0.259472,NA,0.021783,4
"142","MUC16",0.373747,0,0.00188,3.4e-05,0.108952,0.47416,0.190244,0.20774,0.949019,0.050995,0.396159,0.769565,0.460344,3.1e-05,4
"143","MYH3",0.85593,0,0.927355,0.512034,0.545699,0.809618,0.456574,0.015858,0.958316,0.454168,0,0.947711,1,0.026599,4
"144","NALCN",0.016137,0.801642,0.218956,0.005663,0.724083,0.720166,0.240489,NA,0.195339,0.014923,0.602386,0.286002,1,0.010912,4
"145","NF1",0.644188,3.2e-05,0.092198,0.002405,0.300312,0.808472,0.996802,4e-06,0.198702,0.11002,0.095478,0.646802,0.797075,0.01037,4
"146","NFASC",0.629021,0.000959,0.057947,0.108179,0.555697,0.673581,0.552553,0.915706,0,0.11794,0,0.84527,NA,0.045405,4
"147","NRXN3",0.967818,0.038968,0.842269,0.554969,0.430868,0.363101,0.486986,NA,0.844734,0.045156,0,0.149335,0.880708,0.029159,4
"148","PCDH15",0.011979,0.154365,0.013299,0.068026,0.574414,0.993433,0.73017,0.646242,0.737106,0.73335,0.045901,0.70231,1,0.003206,4
"149","PCDH19",0.383643,0.016056,0.794107,0.779836,0.383804,0.885992,0.486375,0.31839,0.659062,0.045246,0.041524,0.704503,NA,0.017727,4
"150","PCDHA8",0.85633,0,0.618653,0.602825,0.454887,0.628323,0.4575,NA,0,0.232033,0,0.656367,NA,0.037442,4
"151","PCDHGA12",0.559154,0.76003,0.221632,0.014563,0.468248,0.504208,0.485585,NA,0,0.752498,0,0.41875,NA,0.04258,4
"152","PCDHGA5",0.391763,0.006623,0.723028,0.562676,0.359913,0.451547,0.459393,0.071328,0,0.548057,0,0.3547,NA,0.049189,4
"153","PDGFRA",0.524671,0,0.211107,0.001793,0.967227,0.892697,0.723234,0.060773,0.667564,0.693311,0,0.422203,NA,0.033097,4
"154","PHLDB2",0.671415,0.005266,0.270966,0.9419,0.198355,NA,NA,0.714681,0.630168,0.671388,0,0.202187,0.029338,0.037083,4
"155","POLA1",0.515665,0.772208,0.38934,0.801413,0.271001,0.632308,0.000353,0.77996,0,0.786313,0,0.739287,NA,0.040678,4
"156","POLE",0.913395,0.001082,0.029434,0.645224,0.59525,0.238473,0.644645,0.597378,0.000283,0.10836,0.473689,0.74973,0.864866,0.022013,4
"157","PPP2R1A",0.379424,0.636305,NA,NA,0.470164,0.411471,0.454498,NA,0,0.392625,0,0.139192,0.006725,0.047199,4
"158","PTCH1",0.200743,0.043239,0.357117,0.847537,0.387281,0.15737,0.330758,NA,0.315478,0.951165,0,0.226448,0.047726,0.025301,4
"159","PTEN",0.993364,0.744221,0.295589,0,0.85066,0.547677,0.992766,0,0.671194,0.04666,0.518489,0.367188,0.889626,0.006986,4
"160","PTPRT",0.629391,0.024184,0.384649,0.015771,0.711407,0.082817,0.016399,NA,0.292424,0.552448,0.179413,0.036084,0.806973,0.133072,4
"161","PTPRZ1",0.712056,0.093184,0.9011,0.718847,0.485458,0.034225,0.004041,0.154027,0.342853,0.216096,0.751845,0.924736,0.047726,0.010657,4
"162","REV3L",0.926829,0.003388,0.137064,0.277297,0.722824,0.800355,0.130384,0.915706,0,0.800907,0,0.796161,0.957126,0.037758,4
"163","ROS1",0.140506,1e-06,0.084923,0.650697,0.884568,0.195779,0.177152,0.598951,0,0.476401,0,0.465167,0.632999,0.04112,4
"164","RTTN",0.25423,0.77444,0.282268,0.026083,0.007279,0.95794,0.77155,0.935984,0.949551,0.299105,0,0.886797,0.677884,0.031715,4
"165","RYR2",0.708963,2e-06,0.881606,0.016322,0.554718,0.118746,0.286874,0.062772,0.412417,0.048004,0.138303,0.598009,0.936243,0.002668,4
"166","RYR3",0.333144,0,0.729928,0.014365,0.437096,0.485103,0.632446,0.749597,0.657424,0.048958,0.136125,0.609348,0.936243,0.002465,4
"167","SAMD9L",0.753638,0.227996,0.417825,0.859227,0.807783,0.263748,0.434187,NA,0,0.275533,0,0.47344,0,0.038418,4
"168","SCN7A",0.334014,4e-06,0.014688,0.009943,0.399074,0.305049,0.293043,0.556692,0.439274,0.150429,0.315035,0.995709,NA,0.018098,4
"169","SEMA6D",0.71363,0.003606,3.7e-05,0.605667,0.37429,0.822872,0.996918,0.580519,0.597655,0.779861,0,0.7486,NA,0.03043,4
"170","SLITRK3",0.397898,5e-06,NA,0.144624,0.577975,0.175781,0.418309,0,0.483155,0.709965,0,0.958048,0.802398,0.025443,4
"171","SMG1",0.339462,5.7e-05,0.101748,0.006304,0.117473,0.579825,0.323808,NA,0.572089,0.440824,0,0.232019,0.907185,0.036224,4
"172","SPG11",0.432655,0.23393,0.029713,0.002389,0.421082,0.813603,0.161336,NA,0.9676,0.315707,0,0.097019,NA,0.031876,4
"173","SPTB",0.409938,0.508687,0.752899,0.185092,0.05561,0.610078,0.922683,0.024983,0,0.912111,0,0.500035,0.936243,0.043048,4
"174","SPTBN1",0.579938,0,0.966667,0.72936,0.525176,0.040167,0.01911,0.582999,0.227034,0.881825,0.958975,0.282596,0.936243,0.011227,4
"175","SRGAP1",0.586438,0.748868,0.803206,0.792497,0.000675,0.627314,0.922167,0.545688,0,0.862843,0,0.662106,NA,0.049012,4
"176","SRRM2",0.001114,0.453763,0.462878,0.184064,0.055951,0.041888,0.064297,0.215419,0.455451,0.933688,0,0.93943,0.936243,0.036325,4
"177","SYNE1",0.614012,0,0.722234,0.167343,0.152226,0.003011,0.014726,0.463345,0.141055,0.095017,0.395656,0.932982,0.630841,2.8e-05,4
"178","TACC2",0.543209,0.015966,0.078171,0.11465,0.180502,0.965358,0.765783,0.006304,0.799074,0.075406,0.771243,0.103096,0.042768,0.01058,4
"179","TDRD6",0.270233,4.2e-05,0.229207,0.579493,0.951517,0.706683,0.65024,NA,0,0.829123,0,0.680243,0.493888,0.04227,4
"180","TET1",0.479191,7.5e-05,0.085567,0.092933,0.274975,0.366427,0.047281,0.915706,0.462302,0.600604,0,0.385207,0.936243,0.03237,4
"181","TET2",0.293245,0.740641,0.129872,0.022395,0.057331,0.392415,0.321427,0.926394,0,0.211274,0,0.588794,NA,0.044697,4
"182","TEX15",0.239534,1e-06,0.052602,0.017501,0.373707,0.762442,0.921219,0.392153,0.772291,0.015254,0.92621,0.581329,0.936243,0.020221,4
"183","THADA",0.945067,0.781152,0.660392,0.094476,0.005921,0.278883,0.314535,NA,0.278718,0.022876,0,0.185541,NA,0.032574,4
"184","THBS2",0.700899,0.941317,NA,NA,0.409928,0,0,NA,0.333288,0.950809,0.039576,0.030531,0.957126,0.079329,4
"185","THSD7A",0.000644,0.008142,0.821828,0.288432,0.347033,0.28023,0.485585,0.805582,0.354629,0.340247,0,0.627862,NA,0.035326,4
"186","TPTE",0.4183,0.000206,0.142652,0.330847,0.995828,0.575378,0.524773,0.24836,0,0.41725,0,0.288523,NA,0.038832,4
"187","TRIO",0.163491,2e-05,0.022276,0.001232,0.99028,0.364877,0.446445,0.96367,0.14644,0.795504,0.111754,0.749443,0.077608,0.009296,4
"188","TRPA1",0.608966,0.539681,0.127828,0.03383,0.534585,0.744307,0.43675,0.732998,0,0.067122,0,0.734666,0.936243,0.038188,4
"189","TRPC4",0.783225,0.003188,0.894059,0.798767,0.507489,0.604366,0.693817,0.553115,0,0.926794,0,0.140603,0.936243,0.046176,4
"190","TTN",0.388403,0,0.122919,0.000133,0.391623,0.387989,0.990382,0.121296,0.516074,0.000427,0.989985,0.067693,0.280679,0,4
"191","TUBGCP6",0.421816,0.82919,0.000247,1e-06,0.204549,0.919232,0.820526,NA,0.062553,0.846836,0.041657,0.022624,NA,0.201861,4
"192","UNC13C",0.632674,1.2e-05,0.094683,0.00391,0.032524,0.999196,0.548765,0.881755,0.157421,0.754198,0.248595,0.57829,NA,0.020543,4
"193","UNC80",0.37699,0,NA,NA,NA,0.221095,0.002714,NA,0.657937,0.415685,0,0.309778,0.857103,0.007717,4
"194","VPS13B",0.923959,2e-06,0.155391,0.17374,0.029199,0.216466,0.28457,0.558936,0.681128,0.579913,0.393656,0.134365,0,0.002608,4
"195","WDR96",0.068082,NA,NA,0.535753,NA,0.657766,NA,0.384358,0,NA,0,4.7e-05,NA,0.046424,4
"196","XRN2",0.539748,0.013596,0.562742,0.304856,0.021809,0.527977,0.371168,0.669288,0.324098,0.486272,0,0.154682,0.936243,0.031266,4
"197","YSK4",0.679401,0.077432,0.083453,0.00321,0.376724,0.973438,0.965222,NA,0.019799,0.072664,0,0.674934,0.864866,0.025898,4
"198","ZC3H12B",0.888399,0.810145,0.947529,0.345799,0.913469,NA,NA,0.006745,0,0.747311,0,0.488941,NA,0.047628,4
"199","ZEB2",0.468733,0.02661,NA,0.302676,0.752827,0.407303,0.367619,0.944486,0,0.346502,0,0.494188,NA,0.041214,4
"200","ZFHX3",0.120863,0.294534,0.19668,0.00254,0.718744,0.769781,0.719318,0,0.115727,0.063056,0.055826,0.603603,0.000136,0.001634,4
"201","ZFHX4",0.128342,0,0.50014,0.41651,0.798092,0.103001,0.031167,0.699425,0.014638,0.779154,0.697158,0.390095,1,0.000113,4
"202","ZNF208",0.677181,0.000451,0.057312,0.774002,0.925649,0.229794,0.087983,0.792204,0.015954,0.237889,0.619784,0.000318,NA,0.03956,4
"203","ABCA10",0.59883,0.67743,0.061255,0.128745,0.179236,0.576168,0.826111,0.782943,0.044852,0.550768,0,0.514449,NA,0.027013,3
"204","ABCA13",0.677354,2.2e-05,0.679567,0.98691,0.845501,0.133028,0.953345,0.698789,0.08105,0.005403,0.222508,0.434713,NA,0.000555,3
"205","ADAMTS20",0.158752,4.4e-05,0.907491,0.860535,0.41073,0.113463,0.227441,0.625525,0.736719,0.165561,0,0.437845,1,0.034191,3
"206","AFF2",0.063514,0.002741,0.400294,0.2073,0.677576,0.093655,4.6e-05,0.463109,0.76121,0.34023,0.869217,0.89323,0.907185,0.010327,3
"207","AHCTF1",0.71251,0.709566,0.109449,0.018079,0.297652,0.424521,0.487949,NA,0.464953,0.798055,0,0.864015,NA,0.024416,3
"208","AKAP11",0.148368,0.771929,0.668488,0.82918,0.114078,0.788324,0.944502,NA,0,0.841616,0,0.423329,0.957126,0.039334,3
"209","AKAP6",0.739569,0.000942,0.0783,0.359982,0.847132,0.517618,0.471421,0.574527,0.741856,0.133174,0.436175,0.228998,0,0.016064,3
"210","ALMS1",0.000793,1e-06,0.443553,0.425188,0.250842,0.576623,0.971417,0.579697,0.449521,0.692801,0.629139,0.842439,0.67227,0.014583,3
"211","ANK3",0.000255,0.029319,0.316283,0.913256,0.706896,0.488175,0.695527,0.555499,0.397237,0.402992,0.060571,0.525745,0.880708,0.004547,3
"212","ANKRD30B",0.541136,NA,0.869494,0.227135,0.662247,0.376789,0.36103,0.004994,0.936523,NA,0.435609,0.017961,0.936243,0.007583,3
"213","ANKRD36",0.595529,NA,0.541678,0.522982,0.081292,0.176526,0.092792,NA,0,0.088278,0,0.881557,1,0.044873,3
"214","AQR",0.89375,0.774842,0.134167,0.266546,0.638509,0.830502,0.946805,NA,0,0.906353,0,0.803185,NA,0.049525,3
"215","ASCC3",0.942488,0,0.708189,0.369361,0.175542,0.174029,0.3894,NA,0.581031,0.000231,0.568922,0.788523,0.936243,0.016837,3
"216","ASPM",0.290906,0.001825,0.023813,0.074476,0.748037,0.057205,0.070277,0.401615,0.695208,0.312511,0.102681,0.622814,0.739284,0.000927,3
"217","ASTN1",0.200745,0.000181,0.940577,0.277349,0.066027,0.344563,0.672592,0.000403,0.036014,0.554831,0.328295,0.975639,0.785622,0.108201,3
"218","ATG2B",0.049383,0.438029,0.723126,0.107685,0.427403,0.288735,0.450923,0.376712,0.289953,0.070259,0,0.90429,1,0.032147,3
"219","ATP1A2",0.495787,0,0.381819,0.722275,0.661621,0.507557,0.176514,0.599187,0.80871,0.909408,0.303934,0.277604,0.029338,0.019483,3
"220","B2M",0.805438,0.733678,0.051838,0.005256,0.389672,0.824736,NA,NA,0.9644,0.001706,0.626231,0.024129,NA,0.594347,3
"221","BCOR",0.744373,0.018909,0.1527,0.910835,0.018488,0.426528,0.800893,0.271204,0.307402,0.872799,0.461027,0.238486,0.936243,0.023268,3
"222","BOD1L",NA,0.614252,0.514098,0.060045,0.700847,0.03426,0.093061,NA,0.218143,0.003951,0.341287,0.265585,NA,0.017642,3
"223","BRCA2",0.881612,0.000265,0.184201,0.214592,0.973802,0.62034,0.816289,0.540831,0.933026,0.717735,0.032813,0.301263,0.74671,0.003706,3
"224","C11orf41",NA,2e-05,0.753753,0.77503,0.762714,0.064843,0.17795,NA,0.808592,0.139094,0,0.717474,NA,0.025586,3
"225","C20orf26",0.088115,0.162,NA,0.575167,0.038143,0.830192,0.895147,0.803014,0.696949,0.11171,0,0.771128,NA,0.032825,3
"226","C2orf16",0.739291,0.066705,6e-06,0,0.405275,0.699612,0.239754,NA,0.55759,0.943884,0.167235,0.622819,NA,0.011251,3
"227","CACNA1S",0.916948,0.069715,0.085737,0.706771,0.985224,0.282686,0.909428,0.019085,0.898094,0.330251,0,0.32063,0.907185,0.028396,3
"228","CAD",0.448732,0.012608,0.693678,0.390031,0.186935,0.362638,0.799345,0.285308,0.986672,0.137601,0,0.588953,NA,0.026647,3
"229","CDH10",0.369124,0.017417,NA,0.479948,0.010289,0.561189,0.57378,0.76041,0.557085,0.09618,0.303236,0.436008,0.936243,0.013978,3
"230","CHD3",0.583987,5e-06,0.408202,0.528972,0.938773,0.752946,0.476426,NA,0.982063,0.745301,0.815558,0.015918,0.002363,0.108282,3
"231","CHD7",0.865033,0.671384,0.838528,0.532783,0.967397,0.00236,0.00242,0.574527,0.158163,0.349871,0.213948,0.97999,0.907185,0.007267,3
"232","CMYA5",0.158677,0.000157,0.528546,0.352822,0.477273,0.440525,0.142179,0,0.870526,0.978457,0.738906,0.958976,NA,0.0085,3
"233","CNOT1",0.505059,0.359498,0.56587,0.419551,0.71297,0.922323,0.982622,0.408243,0,0.150261,0,0.921676,0.909929,0.039428,3
"234","CNTN4",0.997442,8e-06,0.9517,0.303124,0.624255,0.872327,NA,0.782943,0.966183,0.161361,0,0.985243,NA,0.03414,3
"235","CNTNAP5",0.401678,0,0.920864,0.226908,0.188299,0.973438,NA,NA,0.43411,0.606927,0,0.692221,NA,0.034992,3
"236","COL11A1",0.016809,0.400349,0.992282,0.788034,0.362006,0.714097,0.857718,0.748778,0.321143,0.002939,0.001165,0.37846,1,0.403786,3
"237","CPS1",0.934614,0.681536,0.992075,0.890312,0.459683,0.400265,0.32021,0.454294,0,0.531917,0,0.219225,0.957126,0.042717,3
"238","CRB1",0.850236,0.000304,0.337152,0.462777,0.26499,0.129481,0.077294,NA,0.00018,0.354751,0.164171,0.404894,1,0.017999,3
"239","CUBN",0.943224,0.042737,0.086359,0.298784,0.310607,0.283052,0.616149,0.534627,0.360893,0.221234,0.016696,0.679804,NA,0.009643,3
"240","CUX1",0.684759,0.402937,0.962394,0.52882,0.00194,0.973431,0.745859,NA,0.176304,0.358998,0,0.161844,0.52378,0.02755,3
"241","DGKI",0.605969,0.43918,0.746105,0.791252,0.508023,NA,NA,NA,0,0.123809,0,0.595297,NA,0.046255,3
"242","DIAPH3",0.436328,0.000867,0.556165,0.25088,0.614482,0.476201,0.136412,NA,0.369856,0.087477,0,0.890198,NA,0.026243,3
"243","DLC1",0.302256,0.651124,0.720203,0.941129,0.787723,0.538695,0.49599,0.247931,0,0.359395,0,0.698919,0.117313,0.049535,3
"244","DMXL2",0.503298,0.009061,NA,0.617578,0.022883,0.712347,0.8586,0.861276,0.820406,0.174271,0.680245,0.852953,0.907185,0.006745,3
"245","DNAH14",0.896717,0.000268,NA,NA,NA,0.615541,0.550314,NA,NA,0.285175,0,0.362883,NA,0.031154,3
"246","DNAH9",0.124094,0,0.447081,0.93246,0.164905,0.489158,0.499706,0.842533,0.830389,0.040121,0.193533,0.885632,0.59743,0.000689,3
"247","DNMBP",0.849262,0.027549,0.35245,0.996632,0.121976,0.904673,NA,NA,0.105041,0.870198,0,0.562407,NA,0.034886,3
"248","DOCK1",0.791655,0.006493,0.189999,0.02724,0.627265,0.920566,0.823248,NA,0.572501,0.734139,0.949791,0.394632,NA,0.012813,3
"249","DOCK10",0.739141,6.7e-05,0.277902,0.888523,0.180303,0.100915,0.414114,NA,0.284292,0.050016,1e-06,0.525318,0.936243,0.014379,3
"250","DOCK4",0.135225,2e-06,0.400838,0.051082,0.636721,0.342541,0.792923,0.24612,0.750031,0.558667,0,0.140325,0.936243,0.024002,3
"251","DSCAML1",0.425593,0.221895,0.552274,0.480483,0.877387,0.43476,0.327308,0.76041,0,0.602523,0,0.313624,1,0.042179,3
"252","DST",0.6539,5.2e-05,0.689919,0.407542,0.038069,0.39626,0.270883,0.578437,0.68198,0.24663,0.402558,0.166881,0.909929,7.9e-05,3
"253","DYNC1H1",0.814971,0,0.49321,0.633915,0.252695,0.372113,0.836513,0.77239,0.532712,0.253383,0,0.666979,0.618868,0.026492,3
"254","EP400",0.32783,0.000129,0.980092,0.742751,0.349376,0.353306,0.580685,0.587799,0.749569,0.219374,0.545697,0.04816,NA,0.01735,3
"255","EPG5",0.229162,NA,NA,0.921723,NA,0.998103,NA,0.037713,NA,NA,0,0.96817,0.812663,0.03112,3
"256","EPHB1",0.326258,0.71445,0.065821,0.313672,0.916217,0.887277,0.478466,NA,0,0.231584,0,0.241195,0.62353,0.03745,3
"257","FAM135B",0.185324,0.933397,0.804741,0.325757,0.00196,0.887572,0.295563,0.123693,0.36699,0.398994,0.206359,0.044511,0.817488,0.037292,3
"258","FAM47B",0.230189,0.017854,0.696318,0.720922,0.372605,0.945797,0.52601,0.009518,0.039045,0.31512,0.728422,0.315849,NA,0.24656,3
"259","FILIP1",0.695369,0.735383,0.240644,0.078617,0.351301,0.392898,0.36103,0.057045,0,0.303814,0,0.659476,1,0.038156,3
"260","FLG2",0.760757,2.6e-05,0.60905,0.052395,0.731242,0.407913,0.636151,0.915706,0.708659,0.647456,0,0.605509,0.620848,0.031854,3
"261","FREM3",0.858443,NA,NA,NA,NA,0.514116,0.464175,NA,0,NA,0,0.725622,NA,0.045429,3
"262","FRY",0.351677,0.036475,0.300911,0.137564,0.291508,0.32964,0.43754,0.515858,0.533572,0.363309,0,0.281425,0.841186,0.027848,3
"263","GOLGB1",0.671081,0.000366,0.738418,0.763774,0.260579,0.833245,0.800688,0.574527,0.212078,0.540941,0,0.352962,1,0.028593,3
"264","GRIN2B",0.830075,2.5e-05,0.317575,0.896433,0.492514,0.319988,0.556318,0.399139,0.666591,0.211391,0,0.089274,0.887443,0.026478,3
"265","HERC1",0.81988,0,0.335061,0.869589,0.453353,0.010563,0.513847,0.357025,0.114891,0.185227,0.736631,0.614653,0.936243,0.005164,3
"266","HUWE1",0.020991,0.063207,0.987422,0.071141,0.873916,0.220832,0.651525,1e-06,0.574071,0.065473,0.091531,0.908659,0.936243,0.000244,3
"267","IDH1",0.250147,0.841401,0.004823,0,0.465334,0.44519,0.39112,0.042601,0.933706,0.122913,NA,0.806897,NA,0.347637,3
"268","IGSF1",0.223585,0.003715,0.277389,0.915824,0.577511,0.347326,0.352902,0.704363,0.428981,0.184992,0,0.331626,0.957126,0.03102,3
"269","IQGAP2",0.206386,0.032258,1,1,0.637685,0.550785,0.27188,NA,0.350555,0.78741,0,0.453749,NA,0.035085,3
"270","KIAA1210",0.328058,0.009799,0.590989,0.43754,0.959559,0.339688,0.440362,0.906321,0.61847,0.159267,0,0.285752,NA,0.029429,3
"271","KIF14",0.549443,0.058415,NA,NA,0.264609,0.678769,0.498002,NA,0,0.112386,0,0.444396,1,0.047546,3
"272","KIF21A",0.705356,0,0.295484,0.198587,0.832839,0.150573,0.195018,0.854379,0.589047,0.694278,0,0.249227,0.936243,0.031726,3
"273","LIFR",0.903747,0,NA,0.541255,0.252594,0.124995,0.19393,0.782943,0.774141,0.67675,0,0.619961,1,0.028041,3
"274","LRBA",0.914652,0.0012,0.50487,0.843056,0.703824,0.28583,0.238012,0.666284,0.5511,0.403445,0,0.9947,NA,0.031101,3
"275","LRP1B",0.272467,0,0.06858,0.021773,0.126405,0.995238,0.880837,0.350333,0.767575,0.927868,0.279297,0.126854,0.632999,0.000289,3
"276","LRRC7",0.201408,0.00867,0.545715,0.928304,0.265004,0.700778,0.532249,0.347468,0.561915,0.216207,0,0.445391,0.936243,0.026309,3
"277","MAGI2",0.543396,5e-06,0.500515,0.392947,0.443042,0.792708,0.836264,0.368296,0.536795,0.039448,0.524747,0.081232,0.880708,0.022968,3
"278","MAP2",0.384577,0,0.098521,0.014208,0.068403,0.385926,0.547014,NA,0.397782,0.566372,0.305652,0.627884,0.936243,0.025268,3
"279","MED13L",0.531085,4.3e-05,0.185236,0.802548,0.986563,0.99828,0.775605,0.560935,0.478867,0.007972,0.83599,0.762548,0.817488,0.013856,3
"280","MED14",0.462371,0.799847,0.459682,0.562814,0.318873,0.499997,0.324573,0.96367,0.318585,0.002475,0,0.275991,NA,0.025858,3
"281","MLL3",0.212338,1e-06,0.710296,0.034906,0.230206,0.919549,0.269394,NA,0.68454,0.563431,0.42748,0.974098,0.889448,0.001367,3
"282","MLL4",0.406295,0.372336,0.974277,0.224074,0.001083,0.227136,0.517788,NA,0.607513,0.015824,0.953754,0.765756,NA,0.006699,3
"283","MORC4",0.684918,0,0.348927,0.349108,0.28849,0.582221,0.550874,0.602255,0.5856,0.443852,0,0.98314,NA,0.034006,3
"284","MSH4",0.543779,0.072811,0.005163,2.8e-05,0.079616,0.230198,0.858286,NA,0.899993,0.456245,0.385927,0.262092,NA,0.018942,3
"285","MUC17",0.455512,0.004779,0.118722,0.000833,0.424536,0.133075,0.57845,0.194263,0.53366,0.220773,0.39013,0.184281,0.640317,0.004309,3
"286","MUC6",0.599943,0,0.267711,0.56717,0.504678,0.003189,0.992402,0.785501,0.272242,0.347225,2e-06,0.63146,0.957126,0.420044,3
"287","MYO16",0.730067,0.000493,0.73756,0.308203,0.00694,0.489444,0.127574,0.782943,0.21383,0.385888,0.27642,0.892856,NA,0.009228,3
"288","MYO18B",0.763883,0.01548,0.820356,0.6952,0.220831,0.598087,0.499988,0.76041,0.577287,0.063404,0.090852,0.706181,0.000639,0.007586,3
"289","MYO9A",0.328277,7.3e-05,0.083067,0.942494,0.621954,0.831004,0.464175,0.695161,0.673962,0.809601,0,0.22335,0.957126,0.034663,3
"290","MYT1L",0.944327,0.749639,0.858289,0.099185,0.16352,0.106222,0.891218,5.8e-05,0.047845,0.19748,0.947775,0.152263,0.936243,0.018621,3
"291","NAV3",0.814721,0.332289,0.013242,0.06115,0.664604,0.462203,0.298826,0.752071,0.261966,0.765831,0,0.688935,0.909784,0.035088,3
"292","NBEA",0.767225,0,0.005594,0.103737,0.801018,0.83326,0.812551,0.553115,0.861354,0.883814,0.35337,0.63606,NA,0.001706,3
"293","NRK",0.118705,0.690596,0.231427,0.123044,0.008292,0.970217,0.801664,0.106901,0.648456,0.257584,0,0.917972,NA,0.028038,3
"294","NRXN1",0.690423,0.180765,0.70613,0.328055,0.825966,0.816893,0.482676,0.646242,0,0.873942,0,0.051569,0.255122,0.04167,3
"295","NWD1",0.425467,0.000508,0.490888,0.66677,0.334098,0.06433,0.243232,0.606355,0.761543,0.451692,0,0.844304,0.909784,0.02446,3
"296","NYNRIN",0.623887,0.78341,0.79053,0.668801,0.089682,0.197301,0.899979,0.861276,0,0.629627,0,0.82342,0.596989,0.039605,3
"297","ODZ1",0.235752,7e-05,0.329968,0.710496,0.941819,0.117489,0.262308,NA,0.606845,0.001845,0.982819,0.059161,0.610406,0.040614,3
"298","OTOF",0.990199,0.64156,0.235861,0.674724,0.644018,0.239145,0.130302,0.668405,0,0.053016,0,0.913374,NA,0.041245,3
"299","PCDHA7",0.594734,0.792671,0.677353,0.78122,0.529537,0.875565,0.843067,0.889555,0,0.059302,0,0.945933,NA,0.046321,3
"300","PCDHGB1",0.794564,0.022053,0.91188,0.351475,0.528134,0.354953,0.478466,NA,0.628827,0.057491,0,0.437909,NA,0.025704,3
"301","PCLO",0.479353,0,0.132278,0.016823,0.469607,0.217945,0.277257,0.9364,0.692028,0.17772,0.96079,0.956713,0.770519,0.00051,3
"302","PDZD2",0.991077,0.781823,0.485741,0.43995,0.387671,0.603821,0.915959,0.616417,0,0.672041,0,0.3971,0.62824,0.043791,3
"303","PEG3",0.179278,0.439897,0.321224,0.004006,0.591652,0.274795,0.182341,5e-06,0.879913,0.174449,0.77026,0.789358,0.67227,0.013835,3
"304","PHF3",0.509329,0,0.118977,0.656427,0.654221,0.964703,0.594715,0.407268,0.406084,0.907552,0,0.546498,1,0.030747,3
"305","PIK3CA",0.038276,0,0.129587,0.207846,0.783065,0.759262,0.607172,0.242481,0.999601,0.085908,0.539225,0.718515,0.677884,0.001046,3
"306","PLCE1",0.783866,0.017934,0.276085,0.615681,0.000577,0.106653,0.152539,0.79228,0.466184,0.777936,0.402666,0.379523,0.864866,0.008001,3
"307","PLEKHH2",0.216068,0.173281,NA,NA,0.858297,0.649339,0.50547,NA,0,0.569047,0,0.830028,NA,0.045011,3
"308","PLXNA2",0.109319,0.364029,0.55625,0.17537,0.525559,0.675479,0.528631,0.96367,0.023204,0.076109,0,0.425186,0.957126,0.029228,3
"309","PPL",0.82042,0.001269,0.178198,0.242749,0.908977,0.916664,0.232691,0.782943,0.158737,0.592385,0,0.185742,0.957126,0.033467,3
"310","PPP1R3A",0.500993,0.001845,0.27265,0.019195,0.052653,0.709859,0.886255,0.110237,0.805649,0.576852,0.305714,0.965699,NA,0.021827,3
"311","PRPF8",0.345426,0.368977,0.936919,0.946229,0.058357,0.066479,0.432568,0.805582,0,0.818113,0,0.861825,0.62824,0.041333,3
"312","PTPRK",0.823501,0.184727,0.645427,0.708165,0.653125,0.106086,0.202036,NA,0,0.179463,0,0.57219,0.936243,0.040794,3
"313","RASA1",0.951678,0.757877,0.549831,0.652054,0.58704,0.080891,0.19797,0.394634,0,0.966474,0,0.058583,0.936243,0.044444,3
"314","RIF1",0.237584,0.001057,0.53031,0.317455,0.041504,0.526238,0.577742,0.719852,0.330434,0.50326,0.452315,0.995695,0.907185,0.022272,3
"315","SACS",0.739798,8e-06,0.82936,0.119137,0.712524,0.370419,0.444812,0.000343,0.538478,0.594755,0.752245,0.583561,0.907185,0.000286,3
"316","SAMD9",0.230427,5.4e-05,0.155345,0.284655,0.516077,0.225928,0.591853,NA,0.698081,0.285464,0,0.755443,NA,0.030712,3
"317","SCN1A",0.781715,0,0.852683,0.872664,0.799829,0.146448,0.174813,0.336926,0.223851,0.065147,0,0.31812,0.889626,0.031754,3
"318","SCN8A",0.322283,0.000459,0.190379,0.02576,0.600904,0.877603,0.399108,NA,0.579075,0.767384,0.416638,0.986712,NA,0.021039,3
"319","SETX",0.684514,0.149127,4.8e-05,0.29292,0.921262,0.58843,0.674145,0.047641,0.127415,0.605119,0.733724,0.801398,0.86226,0.012973,3
"320","SIPA1L1",0.454162,0.000289,0.69349,0.25624,0.808651,0.090592,0.571834,0.024617,0.133865,0.063437,0.185481,0.572554,0.957126,0.020314,3
"321","SORL1",0.652818,0.740925,0.229765,0.761278,0.052768,0.457537,0.115177,0.625088,0,0.154004,0,0.051968,0.936243,0.044122,3
"322","SPEF2",0.130451,4e-05,0.419452,0.470382,0.090534,0.390171,0.592156,0.465057,0.070218,0.043331,0.691003,0.028768,0.790682,0.051113,3
"323","SPEN",0.020956,0.02534,0.924548,0.638466,0.140172,0.405713,0.472947,0.76041,0.220645,0.443727,0.731555,0.872683,NA,0.011562,3
"324","SVEP1",0.319298,0.256628,0.901124,0.453125,0.535509,0.79098,0.750042,0.003511,0.83552,0.000333,0.442107,0.425235,0.62824,0.011034,3
"325","SYCP2",0.65533,0.037931,0.243295,0.028587,0.126497,0.394428,0.811608,NA,0.931963,0.627882,0.865197,0.528656,NA,0.013446,3
"326","TAF1",0.261678,0.005515,0.2269,0.082178,0.009361,0.88416,0.810664,0.68228,0.920447,0.849755,0.629477,0.143967,0.936243,0.007842,3
"327","TAF1L",0.628022,0.091828,0.033328,0.00915,0.741604,0.841722,0.153783,0.056966,0.32015,0.708284,NA,0.985609,0.92315,0.023807,3
"328","TG",0.769568,0.012077,0.534865,0.979531,0.851296,0.092762,0.241365,0.282154,0.879983,0.013054,0.420522,0.581115,0.07979,0.003814,3
"329","TMEM131",0.583741,0.000222,0.085567,0.430724,0.537149,0.987783,0.796661,0.807585,0.589395,0.086384,0,0.83113,NA,0.031547,3
"330","TMEM132D",0.696382,0.53465,0.012779,0.018146,0.996476,0.201239,0.642162,0.464031,0.293699,0.787719,0.427255,0.007295,0.889626,0.093842,3
"331","TPR",0.853965,0.002676,0.759439,0.751406,0.344656,0.528507,0.887935,0.753035,0.521682,0.59434,0,0.751052,NA,0.027787,3
"332","TSHZ2",0.551011,9.8e-05,0.106665,0.019313,0.808342,0.264082,0.197945,0.491312,0.604152,0.265748,0.326735,0,0.936243,0.160432,3
"333","TSHZ3",0.128996,0.048124,0.486436,0.121647,0.965163,0.719245,0.335012,NA,0.238957,0.220913,0,0.059122,NA,0.025129,3
"334","USH2A",0.454729,0,0.577836,0.15767,0.67112,0.449091,0.54471,0.038687,0.051883,0.130013,0.395038,0.497233,0.62353,1.1e-05,3
"335","VHL",NA,0.915931,0.00259,0.003318,0.489576,0.007493,0.826651,0.935984,NA,0.390543,NA,0.520075,NA,0.85129,3
"336","VPRBP",0.22611,0.817971,NA,NA,0.746344,0.337143,0.002818,NA,0.358078,0.679257,0,0.704177,NA,0.032034,3
"337","VPS13A",0.814391,8e-06,0.931538,0.976769,0.247843,0.188079,0.045369,0.652281,0.10429,0.864774,0.177519,0.050001,0.936243,0.008189,3
"338","VWF",0.006731,0.225252,0.067719,0.024745,0.973296,0.325915,0.155123,0.5059,0.794772,0.230699,0.331759,0.015624,1,0.378326,3
"339","WDFY3",0.499089,0.095602,0.765441,0.534418,0.619263,0.452358,0.437697,0.012076,0.971681,0.554783,0.797822,0.010097,0.907185,0.012188,3
"340","WDR17",0.762284,0.077956,NA,0.330815,0.329064,0.397182,0.398476,0.646242,0,0.282024,0,0.449054,0.907185,0.046904,3
"341","WRN",0.285423,0,0.614171,0.305731,0.119482,0.104234,0.649411,0.948001,0.449564,0.569887,0.049368,0.034653,0.957126,0.144547,3
"342","ZDBF2",0.029553,0,0.835404,0.584156,0.927012,0.3444,0.565062,0.661403,0.594709,0.672602,0.397896,0.902069,0.677884,0.011961,3
"343","ZFAT",0.013261,0.004319,0.099064,0.169222,0.140291,0.507617,0.704632,0.665186,0.48566,0.747424,NA,0.019365,1,0.056404,3
"344","ZMYM3",0.596876,0.035171,0.544119,0.681534,0.101976,0.060158,0.109178,0.662349,0.854436,0.725967,0,0.511204,NA,0.03104,3
"345","ABCA12",0.938416,0.000193,0.863075,0.745694,0.580774,0.486936,0.520989,0.721334,0.292164,0.929237,0.76685,0.199833,0.936243,0.006472,2
"346","ABCB4",0.332082,0.691417,0.714425,0.555837,0.242721,0.401464,0.415861,0.103748,0.453572,0.407492,0,0.809191,0.817488,0.024923,2
"347","ABCB5",0.85435,0,0.657588,0.774563,0.761116,0.305226,0.131849,0.777377,0.261888,0.887357,0.844802,0.208449,0.907185,0.021219,2
"348","ADAMTS12",0.071825,1.7e-05,0.138546,0.317316,0.54417,0.08707,0.083392,0.497096,0.539743,0.004596,0.13323,0.873232,NA,0.11307,2
"349","AHNAK",0.519549,0.131143,0.235755,0.094194,0.206897,0.762508,0.177043,0.308392,0.594516,0.077253,0.022715,0.649783,0.349693,0.00623,2
"350","ANK2",0.570697,0.00268,0.629919,0.075962,0.98136,0.463118,0.900439,0.843016,0.479339,0.069516,0.791579,0.374232,0.957126,0.034368,2
"351","ANKRD30A",0.796812,0.395481,0.614378,0.764887,0.262984,0.619442,0.789036,0.808296,0.020055,0.825811,0.666872,0.697118,0.632999,0.023546,2
"352","APOB",0.264528,0,0.187774,0.079064,0.66525,0.777491,0.529978,0.871667,0.929821,0.182004,0.256796,0.96562,0.872277,0.002376,2
"353","ARID1A",0.257472,0.359686,0.227053,0.023021,0.697536,0.39035,0.327098,0.186682,0.799495,0.940101,0.566347,0.70071,NA,0.000416,2
"354","ASH1L",0.380736,0.633975,0.582073,0.671912,0.009044,0.189197,0.210043,NA,0.19507,0.621853,0.593738,0.86578,0.817488,0.011975,2
"355","ATP10A",0.041219,0.197406,0.177995,0.051683,0.858816,0.639502,0.53693,0.854608,0.674,0.132695,0.959485,0.226145,0.957126,0.015756,2
"356","ATP7A",0.727754,0.652481,0.860002,0.294329,0.971927,0.010346,0.159969,NA,0.339549,0.09907,NA,0.610756,0.632999,0.021893,2
"357","BAP1",0.431034,0.894506,0.372762,0.502237,0.137516,0.002147,0.037222,NA,0.262904,0.843659,0.921179,0.494125,1,0.951184,2
"358","BRWD3",0.668466,0.66502,0.819894,0.276043,0.091061,0.433435,0.884788,0.935984,0.689375,0.533935,0,0.521186,NA,0.033262,2
"359","CACNA2D3",0.24847,0.498904,0.743756,0.889283,0.433856,NA,NA,0.782943,0.538399,0.746304,0,0.57781,0.936243,0.035865,2
"360","CASC3",0.692507,0.876768,NA,0.62359,0.434131,0.247342,NA,0.012212,0.559023,NA,0.741354,0.044383,1,0.522644,2
"361","CCDC132",0.660255,0.857465,0.603215,0.129931,0.089787,0.52417,0.922887,NA,0.172667,0.728189,0,0.770546,0.936243,0.030251,2
"362","CCDC88A",0.021681,0.487663,0.65349,0.814851,0.681167,0.982808,0.055119,0.663821,0.228145,0.582435,0.228816,0.906537,0.957126,0.011521,2
"363","CHD8",0.17848,0.799779,0.80917,0.577227,0.614035,0.31325,0.628142,0.563445,0.874085,0.032765,0.679096,0.729695,NA,0.019771,2
"364","CHD9",0.459177,0.132135,0.491809,0.972561,0.11864,0.796087,0.880888,0.471569,0.320511,0.088547,0,0.560137,0.099503,0.033836,2
"365","CNTNAP4",0.619117,2e-05,0.587398,0.674128,0.324796,0.35006,0.261466,NA,0.235698,0.759125,0.66641,0.266165,1,0.016729,2
"366","COL1A2",0.658098,0.545106,0.515006,0.447964,0.969372,0.18735,0.142038,0.461125,0.069024,0.282447,0.234509,0.001657,0.957126,0.044367,2
"367","COL4A6",0.065168,0.071631,0.281513,0.43524,0.008444,0.709353,0.792077,0.627007,0.390386,0.522873,0.487722,0.258017,0.957126,0.017788,2
"368","COL6A3",0.840014,0,0.975744,0.093628,0.159436,0.090558,0.349663,0.001156,0.747754,0.124718,0.132856,0.7403,0.854459,0.09025,2
"369","CR1",0.561961,0.056656,NA,0.284191,0.663098,0.451941,0.747965,0.650393,0.62261,0.332449,0,0.724597,NA,0.032063,2
"370","CREBBP",0.285566,0.401531,0.179004,0.062266,0.045286,0.682945,0.645078,0.116833,0.196926,0.915328,0.592884,0.039098,0.957126,0.246116,2
"371","CSMD2",0.748856,0.001297,0.188635,0.114655,0.576103,0.059717,0.214299,0.057129,0.458148,0.338333,0.073416,0.27693,0.67803,0.007445,2
"372","CSMD3",0.120815,0.584311,0.874106,0.550286,0.137996,0.879226,0.499792,0.559459,0.716949,0.038819,0.441834,0.828264,0.872277,0.001932,2
"373","CUL7",0.476386,0.523342,NA,0.491095,0.147747,0.351798,0.282657,0.766035,0.703855,0.618226,0,0.222853,NA,0.034909,2
"374","CXorf57",0.547714,0.81508,0.218486,0.465383,0.344156,NA,NA,0.82297,0.220448,0.1516,0,0.57426,NA,0.024991,2
"375","DENND4C",0.50358,0.003417,0.897715,0.77947,0.935464,0.220602,0.298618,0.394634,0.280814,0.110115,0.89038,0.198852,1,0.016459,2
"376","DMBT1",0.575107,0,0.721009,0.284423,0.933401,0.40473,0.137953,0.057924,0.377237,0.911813,0.517097,0.189275,0.869037,0.013703,2
"377","DNAH10",0.680407,0.106491,0.978006,0.785888,0.005425,0.056409,0.153984,0.42319,0.890578,0.422416,0.394863,0.599147,0.909784,0.006117,2
"378","DNAH11",0.054053,0.000583,0.998633,0.30009,0.051683,0.105764,0.509255,0.202979,0.673067,0.771323,0.650396,0.418767,NA,0.009899,2
"379","DNAH12",0.638932,0.841401,0.241708,0.02055,NA,0.499881,0.913124,NA,0.263476,0.862501,0.213821,0.833258,NA,0.018883,2
"380","DNAH17",0.162641,NA,0.41028,0.73249,0.318779,0.436902,0.352015,0.382337,0.079893,0.007271,0.571554,0.581153,0.936243,0.017612,2
"381","DNAH3",0.626567,1e-06,0.670216,0.178765,0.769015,0.842725,0.548075,0.684213,0.849897,0.665787,0.809963,0.994811,0.92315,0.000305,2
"382","DNAH6",0.801357,0.854649,0.629885,0.630365,NA,0.764618,0.744626,0.915706,0.640655,0.241539,NA,0.000178,1,0.021435,2
"383","DOPEY2",0.386418,0.001643,NA,NA,0.303705,0.094202,0.103392,NA,0.758853,0.969378,0.401487,0.744862,NA,0.014274,2
"384","EPHA3",0.465646,0.009321,0.341384,0.27476,0.612091,0.911242,0.445639,0.531427,0.852482,0.204165,0.359019,0.010127,NA,0.06898,2
"385","EYS",0.958943,0.016308,0.78736,0.835723,NA,0.724747,0.87052,NA,0.809357,0.560819,0.062132,0.821393,NA,0.013767,2
"386","FAM83B",0.625432,0.810261,0.925867,0.740791,0.187042,0.425486,0.717956,0.528988,0.41315,0.220494,0,0.915103,0.957126,0.036078,2
"387","FAT1",0.6516,0,0.931357,0.221439,0.228926,0.173242,0.298543,0.146574,0.721202,0.160695,0.134608,0.351307,0.907185,4.7e-05,2
"388","FAT2",0.257749,4.4e-05,0.350086,0.875202,0.228243,0.54375,0.963618,0.391802,0.066083,0.383675,0.857726,0.730876,1,0.002276,2
"389","FBN1",0.066471,1e-06,0.282,0.469189,0.789517,0.12761,0.23725,0.904643,0.97782,0.476289,0.270256,0.893009,0.003518,0.082667,2
"390","FBN2",0.091046,0.263459,0.400193,0.531098,0.597455,0.735287,0.507223,0.00968,0.612908,0.128543,0.68654,0.271418,0.900087,0.007822,2
"391","FRAS1",0.835745,0.20972,0.099825,0.685583,0.00336,0.730637,0.563982,0.572984,0.489776,0.496834,0.517849,0.329436,0.957126,0.014893,2
"392","FREM2",0.9589,0.00174,0.588752,0.220414,0.868302,0.671201,0.586238,0.831454,0.753704,0.984647,0.197817,0.134258,NA,0.01684,2
"393","FRG1B",0.150856,NA,0.319846,0.00123,NA,0.001358,0.532059,NA,0.547959,NA,NA,0.30635,NA,0.346404,2
"394","GAPVD1",0.50414,0.768999,0.561756,0.65366,0.699792,0.446341,0.954818,1,0.502695,0.275355,0,0.095963,0.936243,0.025168,2
"395","GPR158",0.428978,0.000233,0.727178,0.23966,0.679126,0.209108,0.295888,NA,0.80215,0.520025,0.397498,0.886332,1,0.015894,2
"396","GRM5",0.943885,0.570143,0.40784,0.637274,0.098124,0.983092,0.84918,0.788466,0.754429,0.66494,0,0.611396,NA,0.02845,2
"397","HCN1",0.948168,0.33623,0.25356,0.039186,0.957379,0.204279,0.52601,0.591113,0.011641,0.409034,0.222082,0.786597,1,0.179473,2
"398","HEATR1",0.595363,0.256434,0.328921,0.373509,0.63644,0.749112,0.911394,0.624578,0.868199,0.954384,0,0.840933,0.936243,0.033394,2
"399","HEATR7B2",0.70241,0.186947,0.625071,0.015343,0.682003,0.946227,0.650163,NA,0.760289,0.053963,0.112698,0.649275,1,0.014839,2
"400","HERC2",0.152238,0.547787,0.243055,0.499879,0.024503,0.673612,0.543549,0.569103,0.41908,0.441168,0.263976,0.111722,NA,0.001986,2
"401","HFM1",0.098064,0.656515,0.325696,0.890798,0.275881,0.738097,0.257389,0.418242,0.102882,0.928877,0,0.160736,0.957126,0.027531,2
"402","HIVEP1",0.161172,0,0.333035,0.670629,0.663395,0.860472,0.300047,0.737133,0.414701,0.106171,0.447248,0.137246,0.936243,0.013924,2
"403","ITGAM",0.864995,0.392866,0.065031,0.509826,0.904637,0.510126,0.693126,NA,0.501315,0.365182,0,0.121407,0.936243,0.035348,2
"404","ITPR1",0.704181,1e-06,0.516649,0.162341,0.555295,0.118174,0.291097,0.092525,0.098806,0.151017,0.250694,0.90506,0.936243,0.0052,2
"405","JMJD1C",0.796875,0.780767,0.994628,0.362026,0.384411,0.061512,0.099679,0.906321,0.992593,0.293722,0,0.102545,0.487304,0.026631,2
"406","KANK1",0.641304,2e-06,0.358553,0.887377,0.309282,0.400496,0.358331,0.652281,0.963428,0.813098,0.620057,0.038088,NA,0.368904,2
"407","KAT6A",0.250461,NA,NA,0.587881,NA,0.132097,NA,0.805582,NA,NA,0,0.072074,NA,0.028122,2
"408","KCNA5",0.922992,0.754143,0.055875,0.005903,0.072597,NA,NA,NA,0.229847,0.367214,0.332377,0.006833,0.909784,0.192067,2
"409","KCNQ3",0.728503,0,NA,0.716214,0.287235,0.770382,0.377212,0.897678,0.726609,0.348785,0.573224,0.014201,NA,0.09843,2
"410","KIAA0947",0.275092,0.721755,0.483081,0.929319,8.2e-05,0.14692,0.325376,NA,0.218201,0.228229,0.529048,0.969289,0.936243,0.00914,2
"411","KIAA1109",0.580486,0.025556,0.510495,0.782282,0.264253,0.412558,0.273838,0.455128,0.070343,0.083598,0.953999,0.75884,0.098252,0.027739,2
"412","KIF20B",0.80675,0.027106,0.885308,0.703015,0.664719,0.953006,0.98788,0.674811,0.474908,0.856001,0.590291,0.675454,NA,0.010256,2
"413","KIRREL",0.951439,0.847507,0.8747,0.649888,0.628027,0.792823,0.782079,NA,0.365537,0.226713,0,0.08812,NA,0.037138,2
"414","KRAS",0.568679,0.652678,0.451564,0.441627,0.077926,0.517286,0.66741,0.817252,0.967667,0.167662,0,0.085855,0.900087,0.031,2
"415","LRP2",0.287108,0.000618,0.482414,0.901742,0.833063,0.498146,0.825903,0.14891,0.837721,0.23921,0.724269,0.05365,0.936243,4.6e-05,2
"416","MACF1",0.49707,0.91244,0.645205,0.175322,0.277296,0.11573,0.179057,0.002778,0.319347,0.107018,0.57716,0.756161,1,9.6e-05,2
"417","MAGI1",0.410534,0.245556,0.95634,0.770842,0.97709,0.108164,0.344302,0.889555,0.498628,0.383428,0,0.404379,0.857103,0.026322,2
"418","MAP3K1",0.141475,0.766009,0.362834,0.728596,0.332641,0.023347,0.129798,0.052768,0.748246,0.644504,0.815558,0.462102,0.67227,0.016789,2
"419","MAP3K5",0.493927,0.003417,0.843266,0.739083,0.384687,0.188865,0.394726,0.817252,0.065746,0.146416,0.889928,0.870286,NA,0.016302,2
"420","MBD6",0.764024,3e-06,0.522903,0.439231,0.147721,0.365232,0.353871,0.545688,0.066707,0.318331,0.199327,0.020825,0.957126,0.959772,2
"421","MDN1",0.544836,0,0.225529,0.559954,0.591531,0.877023,0.965738,0.925314,0.683506,0.737244,0.614287,0.933499,0.30016,0.022388,2
"422","MGA",0.251096,0.084613,0.435291,0.925527,0.300191,0.349373,0.189108,NA,0.452034,0.751528,0,0.76066,0.957126,0.033888,2
"423","MLL2",0.491871,0.751855,0.980383,0.216957,0.393848,0.228393,0.119067,NA,0.572365,0.168263,0.245777,0.013748,0.630841,0.03295,2
"424","MTR",0.440193,8.1e-05,NA,NA,0.736497,NA,NA,NA,0.312996,0.232799,0.05664,0.00184,NA,0.542199,2
"425","MUC4",0.967332,0.740773,0.607975,0.182202,0.609164,0.025261,0.827641,0.883372,0.967633,0.557289,0.235201,0.203175,NA,0.026016,2
"426","MUC5B",0.970755,0.360503,0.183727,0.81237,0.004436,0.232524,0.592781,0.762627,0.17864,0.813556,0.601948,0.059166,0.580301,0.000441,2
"427","MYH11",0.931318,0.123585,0.380052,0.522862,0.204571,0.317368,0.749525,0.004282,0.773552,0.505462,0.894526,0.100117,NA,0.012014,2
"428","MYH2",0.53419,0,0.136041,0.495965,0.770919,0.741442,0.826348,0.289401,0.935374,0.059305,0.230169,0.433795,0.936243,0.01071,2
"429","MYH6",0.842111,0.695798,0.926903,0.311194,0.123013,0.441219,0.136986,0.051116,0.878928,0.828935,0,0.494688,0.83137,0.029633,2
"430","MYH8",0.484357,0.243289,0.929365,0.34554,0.555441,0.614373,NA,0.296498,0.670058,0.559192,0,0.222727,0.936243,0.026491,2
"431","MYO10",0.912569,0.602487,0.126695,0.23627,0.049312,0.224565,0.249912,0.688796,0.453318,0.296715,0.714429,0.533021,0.936243,0.014704,2
"432","NCAM2",0.60246,0.000784,NA,NA,0.22699,0.45794,0.809629,NA,0.100486,0.320268,0.835897,0.711092,0.806973,0.018679,2
"433","NCOR1",0.296976,0.259443,0.521541,0.988228,0.980516,0.325498,0.454499,0.542145,0.625664,0.219267,0,0.79384,0.880708,0.030712,2
"434","NEB",0.308026,0,0.758689,0.469448,0.151346,0.11989,0.398976,0.648986,0.317737,0.954832,0.478865,0.998102,0.92315,0.000496,2
"435","NELL1",0.25994,0.009961,0.428932,0.957973,0.815319,0.45339,0.47864,0.106499,0.009711,0.204265,0.101169,0.66032,NA,0.196012,2
"436","NRG1",0.503019,0.696516,0.180959,0.760431,0.929735,0.961618,0.914134,0.722373,0.120411,0.820288,0,0.186823,0.794948,0.031193,2
"437","OBSCN",0.094474,1.9e-05,0.912146,0.07337,0.186622,0.298666,0.521887,0.171242,0.356398,0.134144,0.805188,0.842664,0.183537,0.003395,2
"438","PCDH17",0.451851,0.614843,0.685795,0.964308,0.96273,0.386036,0.287356,0.853608,0.415901,0.590416,0.003132,0.371409,NA,0.011123,2
"439","PDZRN4",0.627404,0.34686,0.570552,0.331658,0.583096,0.048795,0.626637,0.881012,0.468613,0.889892,0.544325,0.469287,0.911943,0.021372,2
"440","PIKFYVE",0.054567,2e-06,0.830347,0.864804,0.264913,0.459833,0.382678,0.688653,0.186027,0.352848,0.632218,0.530734,NA,0.014803,2
"441","PKD1L1",0.622671,0.176582,0.169781,0.143123,0.636588,0.959857,0.638233,0.72437,0.022405,0.933916,0.574637,0.745793,0.677884,0.035181,2
"442","PLXNA4",0.029967,1e-06,0.339645,0.055925,0.923696,0.667375,0.650078,0.690509,0.748338,0.356808,0.91093,0.216339,0.936243,0.200856,2
"443","PLXNC1",0.523426,0.191123,0.578829,0.668288,0.525439,0.455059,0.43788,NA,0.123619,0.743309,0,0.172096,1,0.029052,2
"444","POLQ",0.649587,0.666232,0.876841,0.884186,0.409217,0.822375,0.12477,0.528687,0.650209,0.274036,0,0.135443,1,0.026996,2
"445","PPFIA2",0.3753,0.060199,0.447541,0.173462,0.253896,0.766563,0.000649,NA,0.052447,0.492879,0.892637,0.072711,NA,0.023093,2
"446","PRUNE2",0.923101,0.296596,0.056082,0.151196,0.711712,0.633969,0.532344,0.906321,0.000469,0.58259,0.406481,0.296633,1,0.005401,2
"447","PTPN13",0.506144,0,0.316645,0.098675,0.898249,0.601895,0.898058,NA,0.46479,0.439391,0.426012,0.884545,0.936243,0.012633,2
"448","PTPN14",0.220851,0.498847,0.794392,0.822284,0.270583,0.376691,0.807965,0.79625,0.27487,0.921733,0,0.057394,NA,0.023868,2
"449","PTPRJ",0.076412,0.820925,0.743404,0.629146,0.963359,0.395552,0.28613,0.803014,0.929547,0.375022,2.3e-05,0.035241,0.632999,0.080103,2
"450","PTPRQ",0.136081,NA,NA,NA,NA,0.054266,0.137502,NA,NA,NA,0,0.078297,NA,0.033315,2
"451","RANBP2",0.707363,0,0.509097,0.379425,0.789813,0.692278,0.387369,0.757824,0.157876,0.707039,NA,0.010222,0.887443,0.063564,2
"452","RGPD3",0.379177,NA,0.502254,0.203638,0.857889,0.676814,0.321397,0.535961,0.321849,NA,0.385927,0.037217,NA,0.020736,2
"453","RNF17",1e-06,0.103202,0.217653,0.133881,0.826495,0.81347,0.980373,0.484064,0.706385,0.125983,0.059353,0.640023,NA,0.023195,2
"454","RNF213",0.558747,0.543283,0.02694,0.061192,0.943391,0.657931,0.522893,0.809605,0.394348,0.628723,0.261153,0.698559,0.936243,0.017255,2
"455","ROBO1",0.304969,0.051375,0.81036,0.467224,0.152016,0.294287,0.779496,0.889555,0.123952,0.534948,0,0.787635,NA,0.031612,2
"456","RP1",0.38998,0.000693,0.09411,0.253221,0.154209,0.806561,0.729996,0.636491,0.784567,0.490344,0.208612,0.236118,0.936243,0.009409,2
"457","RP1L1",0.935288,0.387492,0.305126,0.267812,0.901065,0.259357,0.289508,0.619522,0.098367,0.162308,0,0.954896,NA,0.03141,2
"458","RYR1",0.872813,0.013876,0.337571,0.584452,0.860093,0.464453,0.52913,0.220413,0.632003,0.655883,0.707689,0.339014,0.550189,0.000701,2
"459","SBF2",0.564137,0.78767,NA,NA,0.601081,0.20076,0.322921,NA,0.233541,0.586571,0,0.321144,0.769086,0.026894,2
"460","SCN3A",0.451849,0.060579,0.80536,0.702748,0.406699,0.912684,0.942261,0.469539,0.159199,0.062424,0.711868,0.063147,0.018642,0.023487,2
"461","SETD2",0.275556,0.408214,0.410722,0.755568,0.663682,0.01705,0.139278,0.783411,0.669019,0.487787,0.779051,0.987736,1,0.016517,2
"462","SI",0.781511,0.003104,0.163123,0.479225,0.196828,0.054692,0.302827,0.09046,0.891971,0.414176,0.626038,0.431942,1,0.004689,2
"463","SLC12A1",0.546583,0.705124,0.598372,0.686517,0.92064,0.691386,0.478466,NA,0.167458,0.808751,0,0.643421,NA,0.032754,2
"464","SLITRK2",0.573156,0.228036,0.653081,0.545344,0.94688,0.487536,0.736463,NA,0.727125,0.748447,0,0.089465,NA,0.029184,2
"465","SNRNP200",0.298951,0.787207,0.667592,0.569888,0.53889,0.404737,0.403982,0.754821,0.795091,0.35142,0,0.251435,NA,0.037091,2
"466","STAG1",0.297983,0.002401,0.549831,0.214094,0.24831,0.499995,0.509281,0.514609,0.776445,0.183026,0.468727,0.026236,0.632999,0.553471,2
"467","SYNE2",0.629679,0.006069,0.344328,0.833621,0.661662,0.372116,0.323576,0.377865,0.990826,0.7583,0.894141,0.058973,0.619727,0.016739,2
"468","SYNJ1",0.439189,0.028692,NA,0.655134,0.491833,0.496197,0.343233,0.847077,0.96116,0.425051,0.873398,0.526941,NA,0.020856,2
"469","SYNM",0.45268,0.797161,0.789281,0.436235,0.435531,0.169732,0.822182,NA,0.736654,0.416962,0,0.983016,NA,0.030891,2
"470","TECTA",0.780269,0.000147,0.525838,0.718913,0.259003,0.198829,0.76029,NA,0.67923,0.593072,0.793627,0.014435,0.909784,0.257569,2
"471","TEP1",0.85117,0.599103,0.672901,0.766461,0.788742,0.673286,0.655067,0.752468,0.353123,0.085869,0.670747,0.013504,0.029338,0.064029,2
"472","TIAM1",0.419799,0.0344,0.226808,0.540723,0.868068,0.118,0.589071,0.817252,0.716073,0.578218,0.896028,0.396285,NA,0.020706,2
"473","TNC",0.74102,0.024453,0.104213,0.414336,0.221311,0.279334,0.29284,0.762664,0.173886,0.553881,0.4454,0.968964,NA,0.025269,2
"474","TNIK",0.803469,0.395552,0.059277,0.380769,0.868205,0.225839,0.183165,NA,0.427455,0.445893,0,0.174808,0.909929,0.034509,2
"475","TRRAP",0.159667,0.131279,0.482773,0.43122,0.090771,0.500182,0.79075,0.295625,0.279053,0.705113,0.047973,0.260272,0.806973,0.017238,2
"476","UNC79",0.784638,NA,NA,0.479948,NA,0.880884,NA,0.76041,NA,NA,0,0.296014,0.900087,0.035747,2
"477","USP9X",0.22947,0,0.220197,0.703031,0.586432,0.726083,0.527463,0.566795,0.989734,0.448114,0.862008,0.429492,0.084852,0.004531,2
"478","VCAN",0.38201,0.001517,0.750673,0.311714,0.38907,0.897027,0.252393,0.803411,0.895564,0.132342,0.504031,0.524798,0.936243,0.002229,2
"479","VPS13C",0.499794,0.926527,0.101133,0.141342,0.101058,0.723774,0.541211,0.772554,0.039645,0.349489,0.445033,0.204153,0.909929,0.003209,2
"480","VPS13D",0.25108,0.189024,0.654068,0.569924,0.554441,0.422856,0.216048,0.32073,0.659052,0.410127,0,0.757775,0.936243,0.033033,2
"481","XIRP2",0.389021,0.000112,0.712158,0.149743,0.467724,0.791575,0.856321,0.514609,0.330767,0.173648,0.74696,0.568363,0.936243,0.003978,2
"482","ZC3H13",0.096467,0.902076,0.74143,0.615401,0.542662,0.198281,0.514823,0.915706,0.680063,0.286474,0,0.263235,0.817488,0.029065,2
"483","ZFP64",0.138861,0.72413,0.563963,0.459553,0.78322,0.947232,0.002371,0.574527,0.746681,0.518468,0.643245,0.004525,NA,0.190202,2
"484","ZNF407",0.433972,0.625247,0.496888,0.715461,0.238907,0.495719,0.376713,NA,0.135231,0.094116,0,0.071565,0.630841,0.031995,2
"485","ZNF462",0.762251,0.682561,0.017297,0.270595,0.11381,0.43252,0.908143,0.574527,0.625345,0.417018,0.621521,0.504185,0.632999,0.011992,2
"486","ZNF676",0.540879,0.774767,0.383829,0.300121,0.221156,0.636681,0.012938,0.646242,0.323362,0.499548,NA,0.035327,NA,0.20739,2
"487","ZNF99",0.401266,0.080229,0.973126,0.999826,0.414985,0.800088,0.960174,0.514609,0.435112,0.987251,0,0.063314,NA,0.033977,2
"488","ABCB1",0.734585,0.715764,0.755,0.967936,0.939311,0.274048,0.210049,0.859677,0.509145,0.075228,0.597415,0.85265,NA,0.014344,1
"489","AKAP9",0.898349,0.077163,0.770596,0.722571,0.46235,0.82858,0.754218,0.663735,0.23806,0.871176,0.208765,0.920968,0.553599,0.018407,1
"490","ARAP2",0.486677,0.17345,0.123515,0.714864,0.850081,0.338746,0.555086,NA,0.105733,0.62551,0.15904,0.374794,0.677884,0.011997,1
"491","ASXL1",0.202517,0.741586,0.357829,0.95279,0.15707,0.825487,0.257159,NA,0.154838,0.053152,0.59456,0.015949,0.817488,0.064051,1
"492","BAI3",0.882381,0.25186,0.20305,0.97159,0.147718,0.626788,0.905284,0.674811,0.082846,0.50362,0.477878,0.920241,0.630841,0.003495,1
"493","BDP1",0.537281,0.737505,0.258078,0.664625,0.649552,0.946799,0.668207,NA,0.290567,0.246615,NA,0.807505,0.858278,0.016183,1
"494","CCNB3",0.546913,0.139056,0.650725,0.997081,0.804088,0.987955,0.678887,0.569217,0.611201,0.88415,0.118076,0.166964,NA,0.013454,1
"495","CHD6",0.245593,0.728654,0.482419,0.905896,0.904755,0.861387,0.798531,0.560935,0.327302,0.633641,0.655725,0.601437,0.92315,0.02015,1
"496","CIC",0.455002,0.733003,0.509097,1e-06,0.271536,0.28551,0.344667,0.427903,0.614292,0.756251,0.059758,0.550086,NA,0.113285,1
"497","CNTN6",0.899455,0.148588,0.977204,0.164946,0.623832,0.32968,0.381858,NA,0.633636,0.346623,0.167445,0.534288,NA,0.020892,1
"498","CNTNAP2",0.331403,0.1343,0.623939,0.115306,0.185971,0.472965,0.091349,0.715104,0.433638,0.119202,0.713875,0.560399,NA,0.015045,1
"499","COL12A1",0.567005,0.09585,0.279314,0.611092,0.901585,0.233741,0.876277,0.382802,0.253981,0.719548,0.264197,0.077066,0.936243,0.010101,1
"500","COL24A1",0.417304,0.777359,0.333334,0.14318,0.237731,0.110457,0.245964,0.748778,0.335713,0.315671,0.931423,0.030881,0.909929,0.070604,1
"501","COL3A1",0.669193,0.500395,0.761452,0.34753,0.726876,0.135827,0.135146,0.532372,0.033769,0.610105,0.851656,0.767754,0.900087,0.098172,1
"502","CTNND2",0.758591,0.933477,0.306802,0.065653,0.025866,0.286746,0.206613,NA,0.508533,0.255149,0.28528,0.978399,0.858278,0.241091,1
"503","CUL9",0.263944,0.909493,0.313318,0.151384,0.387507,0.980502,0.658584,0.788466,0.338856,0.210923,0.325687,0.979078,0.936243,0.009344,1
"504","DCHS1",0.911923,0.137784,0.824911,0.383712,0.377083,0.885396,0.594626,0.302132,0.68322,0.256555,0.6808,0.934298,0.936243,0.011617,1
"505","DNAH7",0.497039,0.938832,0.439934,0.305287,0.15944,0.477312,0.278802,0.333129,0.538058,0.459779,0.593872,0.128447,0.907185,0.000127,1
"506","DOCK2",0.77112,0.064958,0.960605,0.367144,0.480777,0.201445,0.140854,0.771713,0.658491,0.787417,0.2484,0.708827,0.616481,0.016289,1
"507","F5",0.281466,0.112045,0.058321,0.058479,0.728473,0.939725,0.518714,0.639761,0.475996,0.845748,0.158191,0.712192,NA,0.004962,1
"508","FCGBP",0.129154,0.448981,0.414492,0.140288,0.356276,0.437948,0.817827,0.44628,0.207534,0.217142,0.194209,0.347319,0.909784,0.010355,1
"509","FN1",0.350831,0,0.9105,0.522047,0.600767,0.832302,0.360875,0.840748,0.494719,0.983653,0.372447,0.325655,0.936243,0.108753,1
"510","GRIN2A",0.091578,0.009948,0.924203,0.19433,0.865204,0.330412,0.45864,0.714681,0.980523,0.147503,0.187753,0.148453,0.880708,0.107405,1
"511","KALRN",0.289459,0.000762,0.893424,0.677063,0.199128,0.290886,0.193194,0.762778,0.624793,0.188533,0.458117,0.609572,NA,0.0651,1
"512","KIAA1409",NA,0,0.770084,0.472753,0.842709,0.441914,0.669995,NA,0.087474,0.531014,0.8565,0.709675,NA,NA,1
"513","LAMB4",0.864399,0.655779,0.535677,0.291508,0.939139,0.569583,0.901938,0.629705,0.053501,0.242859,0.752146,0.13056,0.677884,0.016018,1
"514","LOC100287226",NA,NA,NA,NA,NA,NA,NA,NA,NA,NA,NA,NA,NA,0.006835,1
"515","LOC643677",NA,NA,NA,NA,NA,NA,NA,NA,NA,NA,NA,NA,NA,6.8e-05,1
"516","MAP1A",0.261545,0.755154,0.711703,0.254208,0.732497,0.666761,0.180679,NA,0.715816,0.697092,0.193101,0.150622,0.843084,0.022257,1
"517","MIA3",0.379107,0.053435,0.779546,0.46404,0.37645,0.348677,0.301001,0.768721,0.753434,0.751006,0.068778,0.320548,0.936243,0.022371,1
"518","MKI67",0.108086,0.067891,0.421225,0.589835,0.290436,0.379962,0.345689,0.93086,0.064472,0.067596,0.800282,0.472052,0.936243,0.002332,1
"519","MLL",0.590349,0.312396,0.328605,0.073284,0.874511,0.413238,0.705302,NA,0.859939,0.897762,0.558345,0.125111,0.520489,0.014472,1
"520","MYOM2",0.262293,0.788958,0.653251,0.720655,0.19608,0.494661,0.538166,0.13538,0.356671,0.124128,0.836274,0.868523,0.889626,0.014286,1
"521","OTOGL",0.149454,NA,NA,0.330815,NA,0.544627,NA,0.646242,NA,NA,NA,0.913256,NA,0.004745,1
"522","PDE4DIP",0.256584,0.597747,0.984049,0.07762,0.07906,0.294256,0.300791,NA,0.744512,0.646309,0.566073,0.190698,0.880708,0.004985,1
"523","PRKDC",0.586859,0.323209,0.690769,0.565855,0.761405,0.643672,0.730682,0.760391,0.571547,0.68681,0.420686,0.14328,0.837679,0.01628,1
"524","PXDNL",0.543965,0.662655,0.896156,0.588617,0.83281,0.742692,0.638822,0.777377,0.465053,0.43324,0.110184,0.176041,0.936243,0.021376,1
"525","RIMBP2",0.917775,0.085084,0.699535,0.730177,0.573389,0.224822,0.372227,0.504761,0.889244,0.370262,0.118428,0.002335,NA,0.144036,1
"526","RIMS1",0.675974,0.216848,0.164767,0.973838,0.450731,0.295597,0.527724,0.669288,0.388668,0.278964,0.499061,0.73283,0.936243,0.007013,1
"527","SCN2A",0.110084,0.355549,0.651056,0.5615,0.994459,0.284633,0.062025,0.638153,0.512026,0.296868,0.677759,0.964863,0.817488,0.00818,1
"528","SDK1",0.476437,0.152333,0.43358,0.3463,0.614767,0.404957,0.229823,0.68217,0.915685,0.161379,0.872634,0.906806,0.880708,0.023673,1
"529","STARD9",0.403542,NA,NA,NA,NA,0.773775,0.593727,NA,NA,NA,NA,0.421057,NA,0.021984,1
"530","SYTL2",0.857942,0.143591,0.633263,0.30767,0.495837,0.645025,0.549523,0.994648,0.829,0.372559,0.846955,0.126863,1,0.015892,1
"531","TLN2",0.212496,0.298557,0.234095,0.303923,0.522457,0.101891,0.336062,0.886626,0.868931,0.208193,0.112817,0.640657,0.909784,0.009184,1
"532","Unknown",NA,0.376959,0.117444,0,NA,0.156935,0.204264,NA,0.376244,0.195529,NA,NA,NA,NA,1
"533","UTRN",0.058477,0.194738,0.149499,0.289032,0.83116,0.833049,0.877645,0.669607,0.32069,0.120625,0.930954,0.275888,1,0.004792,1
"534","WDFY4",0.813728,NA,NA,NA,NA,0.389542,0.417025,NA,NA,NA,NA,0.363612,NA,0.013526,1
"535","ZNF292",0.948323,0.389689,0.736818,0.516527,0.611002,0.538677,0.538837,0.808505,0.694497,0.148852,0.792496,0.206294,0.632999,0.003303,1
